{"discard": [1.1074514870932037, -1.4203548401691415, 0.2541492499759963, 0.06781112746683385, 6.489439467414414, 0.04719399781370465, 0.03394608028804539, -0.03837270848217113, -0.40601139081610904], "koikoi": [0.021360346728167584, 0.016240803422400613, -0.0683234259490389, -0.013866071941746272, -0.021293635958925722, 0.04460241624749317, 0.09896391258994855, 0.08987909461864871]}